[{"created_at": "Fri Jan 11 20:55:30 +0000 2019", "id": 1083829778862338048, "id_str": "1083829778862338048", "full_text": "@FlavioDino Com toda certeza o senhor n\u00e3o vai deixar de olhar pela seguran\u00e7a p\u00fablica do estado , que vem sofrendo bastante com a falta de efetivo . O estado conta com 1800 policiais formados , acredito que logo o senhor os colocar\u00e1 na rua", "truncated": false, "display_text_range": [12, 238], "entities": {"hashtags": [], "symbols": [], "user_mentions": [{"screen_name": "FlavioDino", "name": "Fl\u00e1vio Dino", "id": 25577585, "id_str": "25577585", "indices": [0, 11]}], "urls": []}, "source": "<a href=\"http://twitter.com/download/iphone\" rel=\"nofollow\">Twitter for iPhone</a>", "in_reply_to_status_id": 1083762882892963840, "in_reply_to_status_id_str": "1083762882892963840", "in_reply_to_user_id": 25577585, "in_reply_to_user_id_str": "25577585", "in_reply_to_screen_name": "FlavioDino", "user": {"id": 141662939, "id_str": "141662939", "name": "Diego Mota", "screen_name": "_DiegoMotaa", "location": "Recife-PE", "description": "Deus 3", "url": "https://t.co/dBHlIBhfHo", "entities": {"url": {"urls": [{"url": "https://t.co/dBHlIBhfHo", "expanded_url": "http://facebook.com", "display_url": "facebook.com", "indices": [0, 23]}]}, "description": {"urls": []}}, "protected": false, "followers_count": 184, "friends_count": 173, "listed_count": 1, "created_at": "Sat May 08 17:38:42 +0000 2010", "favourites_count": 26, "utc_offset": null, "time_zone": null, "geo_enabled": true, "verified": false, "statuses_count": 8548, "lang": null, "contributors_enabled": false, "is_translator": false, "is_translation_enabled": false, "profile_background_color": "131516", "profile_background_image_url": "http://abs.twimg.com/images/themes/theme14/bg.gif", "profile_background_image_url_https": "https://abs.twimg.com/images/themes/theme14/bg.gif", "profile_background_tile": true, "profile_image_url": "http://pbs.twimg.com/profile_images/1104221596355620864/0527ZcsU_normal.jpg", "profile_image_url_https": "https://pbs.twimg.com/profile_images/1104221596355620864/0527ZcsU_normal.jpg", "profile_banner_url": "https://pbs.twimg.com/profile_banners/141662939/1552101920", "profile_link_color": "009999", "profile_sidebar_border_color": "EEEEEE", "profile_sidebar_fill_color": "EFEFEF", "profile_text_color": "333333", "profile_use_background_image": true, "has_extended_profile": false, "default_profile": false, "default_profile_image": false, "following": false, "follow_request_sent": false, "notifications": false, "translator_type": "none"}, "geo": null, "coordinates": null, "place": null, "contributors": null, "is_quote_status": false, "retweet_count": 0, "favorite_count": 0, "favorited": false, "retweeted": false, "lang": "pt"}, {"created_at": "Fri Jan 11 20:55:30 +0000 2019", "id": 1083829778862338048, "id_str": "1083829778862338048", "full_text": "@FlavioDino Com toda certeza o senhor n\u00e3o vai deixar de olhar pela seguran\u00e7a p\u00fablica do estado , que vem sofrendo bastante com a falta de efetivo . O estado conta com 1800 policiais formados , acredito que logo o senhor os colocar\u00e1 na rua", "truncated": false, "display_text_range": [12, 238], "entities": {"hashtags": [], "symbols": [], "user_mentions": [{"screen_name": "FlavioDino", "name": "Fl\u00e1vio Dino", "id": 25577585, "id_str": "25577585", "indices": [0, 11]}], "urls": []}, "source": "<a href=\"http://twitter.com/download/iphone\" rel=\"nofollow\">Twitter for iPhone</a>", "in_reply_to_status_id": 1083762882892963840, "in_reply_to_status_id_str": "1083762882892963840", "in_reply_to_user_id": 25577585, "in_reply_to_user_id_str": "25577585", "in_reply_to_screen_name": "FlavioDino", "user": {"id": 141662939, "id_str": "141662939", "name": "Diego Mota", "screen_name": "_DiegoMotaa", "location": "Recife-PE", "description": "Deus 3", "url": "https://t.co/dBHlIBhfHo", "entities": {"url": {"urls": [{"url": "https://t.co/dBHlIBhfHo", "expanded_url": "http://facebook.com", "display_url": "facebook.com", "indices": [0, 23]}]}, "description": {"urls": []}}, "protected": false, "followers_count": 184, "friends_count": 173, "listed_count": 1, "created_at": "Sat May 08 17:38:42 +0000 2010", "favourites_count": 26, "utc_offset": null, "time_zone": null, "geo_enabled": true, "verified": false, "statuses_count": 8548, "lang": null, "contributors_enabled": false, "is_translator": false, "is_translation_enabled": false, "profile_background_color": "131516", "profile_background_image_url": "http://abs.twimg.com/images/themes/theme14/bg.gif", "profile_background_image_url_https": "https://abs.twimg.com/images/themes/theme14/bg.gif", "profile_background_tile": true, "profile_image_url": "http://pbs.twimg.com/profile_images/1104221596355620864/0527ZcsU_normal.jpg", "profile_image_url_https": "https://pbs.twimg.com/profile_images/1104221596355620864/0527ZcsU_normal.jpg", "profile_banner_url": "https://pbs.twimg.com/profile_banners/141662939/1552101920", "profile_link_color": "009999", "profile_sidebar_border_color": "EEEEEE", "profile_sidebar_fill_color": "EFEFEF", "profile_text_color": "333333", "profile_use_background_image": true, "has_extended_profile": false, "default_profile": false, "default_profile_image": false, "following": false, "follow_request_sent": false, "notifications": false, "translator_type": "none"}, "geo": null, "coordinates": null, "place": null, "contributors": null, "is_quote_status": false, "retweet_count": 0, "favorite_count": 0, "favorited": false, "retweeted": false, "lang": "pt"}, {"created_at": "Fri Jan 11 20:55:30 +0000 2019", "id": 1083829778862338048, "id_str": "1083829778862338048", "full_text": "@FlavioDino Com toda certeza o senhor n\u00e3o vai deixar de olhar pela seguran\u00e7a p\u00fablica do estado , que vem sofrendo bastante com a falta de efetivo . O estado conta com 1800 policiais formados , acredito que logo o senhor os colocar\u00e1 na rua", "truncated": false, "display_text_range": [12, 238], "entities": {"hashtags": [], "symbols": [], "user_mentions": [{"screen_name": "FlavioDino", "name": "Fl\u00e1vio Dino", "id": 25577585, "id_str": "25577585", "indices": [0, 11]}], "urls": []}, "source": "<a href=\"http://twitter.com/download/iphone\" rel=\"nofollow\">Twitter for iPhone</a>", "in_reply_to_status_id": 1083762882892963840, "in_reply_to_status_id_str": "1083762882892963840", "in_reply_to_user_id": 25577585, "in_reply_to_user_id_str": "25577585", "in_reply_to_screen_name": "FlavioDino", "user": {"id": 141662939, "id_str": "141662939", "name": "Diego Mota", "screen_name": "_DiegoMotaa", "location": "Recife-PE", "description": "Deus 3", "url": "https://t.co/dBHlIBhfHo", "entities": {"url": {"urls": [{"url": "https://t.co/dBHlIBhfHo", "expanded_url": "http://facebook.com", "display_url": "facebook.com", "indices": [0, 23]}]}, "description": {"urls": []}}, "protected": false, "followers_count": 184, "friends_count": 173, "listed_count": 1, "created_at": "Sat May 08 17:38:42 +0000 2010", "favourites_count": 26, "utc_offset": null, "time_zone": null, "geo_enabled": true, "verified": false, "statuses_count": 8548, "lang": null, "contributors_enabled": false, "is_translator": false, "is_translation_enabled": false, "profile_background_color": "131516", "profile_background_image_url": "http://abs.twimg.com/images/themes/theme14/bg.gif", "profile_background_image_url_https": "https://abs.twimg.com/images/themes/theme14/bg.gif", "profile_background_tile": true, "profile_image_url": "http://pbs.twimg.com/profile_images/1104221596355620864/0527ZcsU_normal.jpg", "profile_image_url_https": "https://pbs.twimg.com/profile_images/1104221596355620864/0527ZcsU_normal.jpg", "profile_banner_url": "https://pbs.twimg.com/profile_banners/141662939/1552101920", "profile_link_color": "009999", "profile_sidebar_border_color": "EEEEEE", "profile_sidebar_fill_color": "EFEFEF", "profile_text_color": "333333", "profile_use_background_image": true, "has_extended_profile": false, "default_profile": false, "default_profile_image": false, "following": false, "follow_request_sent": false, "notifications": false, "translator_type": "none"}, "geo": null, "coordinates": null, "place": null, "contributors": null, "is_quote_status": false, "retweet_count": 0, "favorite_count": 0, "favorited": false, "retweeted": false, "lang": "pt"}, {"created_at": "Fri Jan 11 20:55:30 +0000 2019", "id": 1083829778862338048, "id_str": "1083829778862338048", "full_text": "@FlavioDino Com toda certeza o senhor n\u00e3o vai deixar de olhar pela seguran\u00e7a p\u00fablica do estado , que vem sofrendo bastante com a falta de efetivo . O estado conta com 1800 policiais formados , acredito que logo o senhor os colocar\u00e1 na rua", "truncated": false, "display_text_range": [12, 238], "entities": {"hashtags": [], "symbols": [], "user_mentions": [{"screen_name": "FlavioDino", "name": "Fl\u00e1vio Dino", "id": 25577585, "id_str": "25577585", "indices": [0, 11]}], "urls": []}, "source": "<a href=\"http://twitter.com/download/iphone\" rel=\"nofollow\">Twitter for iPhone</a>", "in_reply_to_status_id": 1083762882892963840, "in_reply_to_status_id_str": "1083762882892963840", "in_reply_to_user_id": 25577585, "in_reply_to_user_id_str": "25577585", "in_reply_to_screen_name": "FlavioDino", "user": {"id": 141662939, "id_str": "141662939", "name": "Diego Mota", "screen_name": "_DiegoMotaa", "location": "Recife-PE", "description": "Deus 3", "url": "https://t.co/dBHlIBhfHo", "entities": {"url": {"urls": [{"url": "https://t.co/dBHlIBhfHo", "expanded_url": "http://facebook.com", "display_url": "facebook.com", "indices": [0, 23]}]}, "description": {"urls": []}}, "protected": false, "followers_count": 184, "friends_count": 173, "listed_count": 1, "created_at": "Sat May 08 17:38:42 +0000 2010", "favourites_count": 26, "utc_offset": null, "time_zone": null, "geo_enabled": true, "verified": false, "statuses_count": 8548, "lang": null, "contributors_enabled": false, "is_translator": false, "is_translation_enabled": false, "profile_background_color": "131516", "profile_background_image_url": "http://abs.twimg.com/images/themes/theme14/bg.gif", "profile_background_image_url_https": "https://abs.twimg.com/images/themes/theme14/bg.gif", "profile_background_tile": true, "profile_image_url": "http://pbs.twimg.com/profile_images/1104221596355620864/0527ZcsU_normal.jpg", "profile_image_url_https": "https://pbs.twimg.com/profile_images/1104221596355620864/0527ZcsU_normal.jpg", "profile_banner_url": "https://pbs.twimg.com/profile_banners/141662939/1552101920", "profile_link_color": "009999", "profile_sidebar_border_color": "EEEEEE", "profile_sidebar_fill_color": "EFEFEF", "profile_text_color": "333333", "profile_use_background_image": true, "has_extended_profile": false, "default_profile": false, "default_profile_image": false, "following": false, "follow_request_sent": false, "notifications": false, "translator_type": "none"}, "geo": null, "coordinates": null, "place": null, "contributors": null, "is_quote_status": false, "retweet_count": 0, "favorite_count": 0, "favorited": false, "retweeted": false, "lang": "pt"}, {"created_at": "Fri Jan 11 20:55:30 +0000 2019", "id": 1083829778862338048, "id_str": "1083829778862338048", "full_text": "@FlavioDino Com toda certeza o senhor n\u00e3o vai deixar de olhar pela seguran\u00e7a p\u00fablica do estado , que vem sofrendo bastante com a falta de efetivo . O estado conta com 1800 policiais formados , acredito que logo o senhor os colocar\u00e1 na rua", "truncated": false, "display_text_range": [12, 238], "entities": {"hashtags": [], "symbols": [], "user_mentions": [{"screen_name": "FlavioDino", "name": "Fl\u00e1vio Dino", "id": 25577585, "id_str": "25577585", "indices": [0, 11]}], "urls": []}, "source": "<a href=\"http://twitter.com/download/iphone\" rel=\"nofollow\">Twitter for iPhone</a>", "in_reply_to_status_id": 1083762882892963840, "in_reply_to_status_id_str": "1083762882892963840", "in_reply_to_user_id": 25577585, "in_reply_to_user_id_str": "25577585", "in_reply_to_screen_name": "FlavioDino", "user": {"id": 141662939, "id_str": "141662939", "name": "Diego Mota", "screen_name": "_DiegoMotaa", "location": "Recife-PE", "description": "Deus 3", "url": "https://t.co/dBHlIBhfHo", "entities": {"url": {"urls": [{"url": "https://t.co/dBHlIBhfHo", "expanded_url": "http://facebook.com", "display_url": "facebook.com", "indices": [0, 23]}]}, "description": {"urls": []}}, "protected": false, "followers_count": 184, "friends_count": 173, "listed_count": 1, "created_at": "Sat May 08 17:38:42 +0000 2010", "favourites_count": 26, "utc_offset": null, "time_zone": null, "geo_enabled": true, "verified": false, "statuses_count": 8548, "lang": null, "contributors_enabled": false, "is_translator": false, "is_translation_enabled": false, "profile_background_color": "131516", "profile_background_image_url": "http://abs.twimg.com/images/themes/theme14/bg.gif", "profile_background_image_url_https": "https://abs.twimg.com/images/themes/theme14/bg.gif", "profile_background_tile": true, "profile_image_url": "http://pbs.twimg.com/profile_images/1104221596355620864/0527ZcsU_normal.jpg", "profile_image_url_https": "https://pbs.twimg.com/profile_images/1104221596355620864/0527ZcsU_normal.jpg", "profile_banner_url": "https://pbs.twimg.com/profile_banners/141662939/1552101920", "profile_link_color": "009999", "profile_sidebar_border_color": "EEEEEE", "profile_sidebar_fill_color": "EFEFEF", "profile_text_color": "333333", "profile_use_background_image": true, "has_extended_profile": false, "default_profile": false, "default_profile_image": false, "following": false, "follow_request_sent": false, "notifications": false, "translator_type": "none"}, "geo": null, "coordinates": null, "place": null, "contributors": null, "is_quote_status": false, "retweet_count": 0, "favorite_count": 0, "favorited": false, "retweeted": false, "lang": "pt"}, {"created_at": "Fri Jan 11 20:55:30 +0000 2019", "id": 1083829778862338048, "id_str": "1083829778862338048", "full_text": "@FlavioDino Com toda certeza o senhor n\u00e3o vai deixar de olhar pela seguran\u00e7a p\u00fablica do estado , que vem sofrendo bastante com a falta de efetivo . O estado conta com 1800 policiais formados , acredito que logo o senhor os colocar\u00e1 na rua", "truncated": false, "display_text_range": [12, 238], "entities": {"hashtags": [], "symbols": [], "user_mentions": [{"screen_name": "FlavioDino", "name": "Fl\u00e1vio Dino", "id": 25577585, "id_str": "25577585", "indices": [0, 11]}], "urls": []}, "source": "<a href=\"http://twitter.com/download/iphone\" rel=\"nofollow\">Twitter for iPhone</a>", "in_reply_to_status_id": 1083762882892963840, "in_reply_to_status_id_str": "1083762882892963840", "in_reply_to_user_id": 25577585, "in_reply_to_user_id_str": "25577585", "in_reply_to_screen_name": "FlavioDino", "user": {"id": 141662939, "id_str": "141662939", "name": "Diego Mota", "screen_name": "_DiegoMotaa", "location": "Recife-PE", "description": "Deus 3", "url": "https://t.co/dBHlIBhfHo", "entities": {"url": {"urls": [{"url": "https://t.co/dBHlIBhfHo", "expanded_url": "http://facebook.com", "display_url": "facebook.com", "indices": [0, 23]}]}, "description": {"urls": []}}, "protected": false, "followers_count": 184, "friends_count": 173, "listed_count": 1, "created_at": "Sat May 08 17:38:42 +0000 2010", "favourites_count": 26, "utc_offset": null, "time_zone": null, "geo_enabled": true, "verified": false, "statuses_count": 8548, "lang": null, "contributors_enabled": false, "is_translator": false, "is_translation_enabled": false, "profile_background_color": "131516", "profile_background_image_url": "http://abs.twimg.com/images/themes/theme14/bg.gif", "profile_background_image_url_https": "https://abs.twimg.com/images/themes/theme14/bg.gif", "profile_background_tile": true, "profile_image_url": "http://pbs.twimg.com/profile_images/1104221596355620864/0527ZcsU_normal.jpg", "profile_image_url_https": "https://pbs.twimg.com/profile_images/1104221596355620864/0527ZcsU_normal.jpg", "profile_banner_url": "https://pbs.twimg.com/profile_banners/141662939/1552101920", "profile_link_color": "009999", "profile_sidebar_border_color": "EEEEEE", "profile_sidebar_fill_color": "EFEFEF", "profile_text_color": "333333", "profile_use_background_image": true, "has_extended_profile": false, "default_profile": false, "default_profile_image": false, "following": false, "follow_request_sent": false, "notifications": false, "translator_type": "none"}, "geo": null, "coordinates": null, "place": null, "contributors": null, "is_quote_status": false, "retweet_count": 0, "favorite_count": 0, "favorited": false, "retweeted": false, "lang": "pt"}, {"created_at": "Fri Jan 11 20:55:30 +0000 2019", "id": 1083829778862338048, "id_str": "1083829778862338048", "full_text": "@FlavioDino Com toda certeza o senhor n\u00e3o vai deixar de olhar pela seguran\u00e7a p\u00fablica do estado , que vem sofrendo bastante com a falta de efetivo . O estado conta com 1800 policiais formados , acredito que logo o senhor os colocar\u00e1 na rua", "truncated": false, "display_text_range": [12, 238], "entities": {"hashtags": [], "symbols": [], "user_mentions": [{"screen_name": "FlavioDino", "name": "Fl\u00e1vio Dino", "id": 25577585, "id_str": "25577585", "indices": [0, 11]}], "urls": []}, "source": "<a href=\"http://twitter.com/download/iphone\" rel=\"nofollow\">Twitter for iPhone</a>", "in_reply_to_status_id": 1083762882892963840, "in_reply_to_status_id_str": "1083762882892963840", "in_reply_to_user_id": 25577585, "in_reply_to_user_id_str": "25577585", "in_reply_to_screen_name": "FlavioDino", "user": {"id": 141662939, "id_str": "141662939", "name": "Diego Mota", "screen_name": "_DiegoMotaa", "location": "Recife-PE", "description": "Deus 3", "url": "https://t.co/dBHlIBhfHo", "entities": {"url": {"urls": [{"url": "https://t.co/dBHlIBhfHo", "expanded_url": "http://facebook.com", "display_url": "facebook.com", "indices": [0, 23]}]}, "description": {"urls": []}}, "protected": false, "followers_count": 184, "friends_count": 173, "listed_count": 1, "created_at": "Sat May 08 17:38:42 +0000 2010", "favourites_count": 26, "utc_offset": null, "time_zone": null, "geo_enabled": true, "verified": false, "statuses_count": 8548, "lang": null, "contributors_enabled": false, "is_translator": false, "is_translation_enabled": false, "profile_background_color": "131516", "profile_background_image_url": "http://abs.twimg.com/images/themes/theme14/bg.gif", "profile_background_image_url_https": "https://abs.twimg.com/images/themes/theme14/bg.gif", "profile_background_tile": true, "profile_image_url": "http://pbs.twimg.com/profile_images/1104221596355620864/0527ZcsU_normal.jpg", "profile_image_url_https": "https://pbs.twimg.com/profile_images/1104221596355620864/0527ZcsU_normal.jpg", "profile_banner_url": "https://pbs.twimg.com/profile_banners/141662939/1552101920", "profile_link_color": "009999", "profile_sidebar_border_color": "EEEEEE", "profile_sidebar_fill_color": "EFEFEF", "profile_text_color": "333333", "profile_use_background_image": true, "has_extended_profile": false, "default_profile": false, "default_profile_image": false, "following": false, "follow_request_sent": false, "notifications": false, "translator_type": "none"}, "geo": null, "coordinates": null, "place": null, "contributors": null, "is_quote_status": false, "retweet_count": 0, "favorite_count": 0, "favorited": false, "retweeted": false, "lang": "pt"}, {"created_at": "Fri Jan 11 20:55:30 +0000 2019", "id": 1083829778862338048, "id_str": "1083829778862338048", "full_text": "@FlavioDino Com toda certeza o senhor n\u00e3o vai deixar de olhar pela seguran\u00e7a p\u00fablica do estado , que vem sofrendo bastante com a falta de efetivo . O estado conta com 1800 policiais formados , acredito que logo o senhor os colocar\u00e1 na rua", "truncated": false, "display_text_range": [12, 238], "entities": {"hashtags": [], "symbols": [], "user_mentions": [{"screen_name": "FlavioDino", "name": "Fl\u00e1vio Dino", "id": 25577585, "id_str": "25577585", "indices": [0, 11]}], "urls": []}, "source": "<a href=\"http://twitter.com/download/iphone\" rel=\"nofollow\">Twitter for iPhone</a>", "in_reply_to_status_id": 1083762882892963840, "in_reply_to_status_id_str": "1083762882892963840", "in_reply_to_user_id": 25577585, "in_reply_to_user_id_str": "25577585", "in_reply_to_screen_name": "FlavioDino", "user": {"id": 141662939, "id_str": "141662939", "name": "Diego Mota", "screen_name": "_DiegoMotaa", "location": "Recife-PE", "description": "Deus 3", "url": "https://t.co/dBHlIBhfHo", "entities": {"url": {"urls": [{"url": "https://t.co/dBHlIBhfHo", "expanded_url": "http://facebook.com", "display_url": "facebook.com", "indices": [0, 23]}]}, "description": {"urls": []}}, "protected": false, "followers_count": 184, "friends_count": 173, "listed_count": 1, "created_at": "Sat May 08 17:38:42 +0000 2010", "favourites_count": 26, "utc_offset": null, "time_zone": null, "geo_enabled": true, "verified": false, "statuses_count": 8548, "lang": null, "contributors_enabled": false, "is_translator": false, "is_translation_enabled": false, "profile_background_color": "131516", "profile_background_image_url": "http://abs.twimg.com/images/themes/theme14/bg.gif", "profile_background_image_url_https": "https://abs.twimg.com/images/themes/theme14/bg.gif", "profile_background_tile": true, "profile_image_url": "http://pbs.twimg.com/profile_images/1104221596355620864/0527ZcsU_normal.jpg", "profile_image_url_https": "https://pbs.twimg.com/profile_images/1104221596355620864/0527ZcsU_normal.jpg", "profile_banner_url": "https://pbs.twimg.com/profile_banners/141662939/1552101920", "profile_link_color": "009999", "profile_sidebar_border_color": "EEEEEE", "profile_sidebar_fill_color": "EFEFEF", "profile_text_color": "333333", "profile_use_background_image": true, "has_extended_profile": false, "default_profile": false, "default_profile_image": false, "following": false, "follow_request_sent": false, "notifications": false, "translator_type": "none"}, "geo": null, "coordinates": null, "place": null, "contributors": null, "is_quote_status": false, "retweet_count": 0, "favorite_count": 0, "favorited": false, "retweeted": false, "lang": "pt"}]